{
  "100_1_thief_True": {
    "1": {
      "0": {
        "jena_0_train_3_8": 0.4166666666666667,
        "zurich_1_train_2_8": 0.0,
        "cologne_2_train_2_8": 0.0,
        "jena_0_inference": 0.16666666666666669,
        "zurich_1_inference": 0.16666666666666666,
        "cologne_2_inference": 0.25
      },
      "19.761817359924315": {
        "jena_0_train_3_8": 0,
        "zurich_1_train_2_8": 0.08333333333333334,
        "cologne_2_train_2_8": 0.08333333333333334,
        "jena_0_inference": 0.25,
        "zurich_1_inference": 0.25,
        "cologne_2_inference": 0.33333333333333337
      },
      "549.4581550598143": {
        "jena_0_train_3_8": 0,
        "zurich_1_train_2_8": 0,
        "cologne_2_train_2_8": 0.10416666666666669,
        "jena_0_inference": 0.2708333333333333,
        "zurich_1_inference": 0.2708333333333333,
        "cologne_2_inference": 0.3541666666666667
      },
      "562.8837982177733": {
        "cologne_2_train_2_8": 0,
        "jena_0_train_3_8": 0,
        "zurich_1_train_2_8": 0,
        "jena_0_inference": 0.3055555555555555,
        "zurich_1_inference": 0.3055555555555555,
        "cologne_2_inference": 0.3888888888888889
      }
    },
    "2": {
      "0": {
        "jena_0_train_0_17": 0.25000000000000006,
        "zurich_1_train_2_8": 0.0,
        "cologne_2_train_2_8": 0.0,
        "jena_0_inference": 0.25,
        "zurich_1_inference": 0.25,
        "cologne_2_inference": 0.25
      },
      "35.415112495422356": {
        "jena_0_train_0_17": 0,
        "zurich_1_train_2_8": 0.05000000000000001,
        "cologne_2_train_2_8": 0.05000000000000001,
        "jena_0_inference": 0.3,
        "zurich_1_inference": 0.3,
        "cologne_2_inference": 0.3
      },
      "932.5280923843382": {
        "zurich_1_train_2_8": 0,
        "jena_0_train_0_17": 0,
        "cologne_2_train_2_8": 0.06250000000000001,
        "jena_0_inference": 0.3125,
        "zurich_1_inference": 0.3125,
        "cologne_2_inference": 0.3125
      },
      "968.5299921035764": {
        "zurich_1_train_2_8": 0,
        "cologne_2_train_2_8": 0,
        "jena_0_train_0_17": 0,
        "jena_0_inference": 0.3333333333333333,
        "zurich_1_inference": 0.3333333333333333,
        "cologne_2_inference": 0.3333333333333333
      }
    },
    "3": {
      "0": {
        "jena_0_train_0_8": 0.4166666666666667,
        "zurich_1_train_2_8": 0.0,
        "cologne_2_train_5_8": 0.0,
        "jena_0_inference": 0.16666666666666669,
        "zurich_1_inference": 0.16666666666666666,
        "cologne_2_inference": 0.25
      },
      "10.72627658843994": {
        "jena_0_train_0_8": 0,
        "zurich_1_train_2_8": 0.08333333333333334,
        "cologne_2_train_5_8": 0.08333333333333334,
        "jena_0_inference": 0.25,
        "zurich_1_inference": 0.25,
        "cologne_2_inference": 0.33333333333333337
      },
      "559.0548574447631": {
        "jena_0_train_0_8": 0,
        "zurich_1_train_2_8": 0,
        "cologne_2_train_5_8": 0.10416666666666669,
        "jena_0_inference": 0.2708333333333333,
        "zurich_1_inference": 0.2708333333333333,
        "cologne_2_inference": 0.3541666666666667
      },
      "992.4113737106322": {
        "jena_0_train_0_8": 0,
        "zurich_1_train_2_8": 0,
        "cologne_2_train_5_8": 0,
        "jena_0_inference": 0.3055555555555555,
        "zurich_1_inference": 0.3055555555555555,
        "cologne_2_inference": 0.3888888888888889
      }
    },
    "4": {
      "0": {
        "jena_0_train_2_8": 0.0,
        "zurich_1_train_0_8": 0.33333333333333337,
        "cologne_2_train_2_8": 0.0,
        "jena_0_inference": 0.16666666666666669,
        "zurich_1_inference": 0.25,
        "cologne_2_inference": 0.25
      },
      "13.839315891265867": {
        "zurich_1_train_0_8": 0,
        "jena_0_train_2_8": 0.06666666666666668,
        "cologne_2_train_2_8": 0.06666666666666668,
        "jena_0_inference": 0.23333333333333336,
        "zurich_1_inference": 0.31666666666666665,
        "cologne_2_inference": 0.31666666666666665
      },
      "704.7811181545256": {
        "zurich_1_train_0_8": 0,
        "jena_0_train_2_8": 0,
        "cologne_2_train_2_8": 0.08333333333333334,
        "jena_0_inference": 0.25000000000000006,
        "zurich_1_inference": 0.3333333333333333,
        "cologne_2_inference": 0.3333333333333333
      },
      "747.7321622371672": {
        "zurich_1_train_0_8": 0,
        "jena_0_train_2_8": 0,
        "cologne_2_train_2_8": 0,
        "jena_0_inference": 0.27777777777777785,
        "zurich_1_inference": 0.3611111111111111,
        "cologne_2_inference": 0.3611111111111111
      }
    },
    "5": {
      "0": {
        "jena_0_train_2_8": 0.0,
        "zurich_1_train_3_8": 0.5,
        "cologne_2_train_2_8": 0.0,
        "jena_0_inference": 0.16666666666666666,
        "zurich_1_inference": 0.16666666666666666,
        "cologne_2_inference": 0.16666666666666666
      },
      "17.666608333587646": {
        "zurich_1_train_3_8": 0,
        "jena_0_train_2_8": 0.1,
        "cologne_2_train_2_8": 0.1,
        "jena_0_inference": 0.26666666666666666,
        "zurich_1_inference": 0.26666666666666666,
        "cologne_2_inference": 0.26666666666666666
      },
      "485.7243719100952": {
        "zurich_1_train_3_8": 0,
        "jena_0_train_2_8": 0,
        "cologne_2_train_2_8": 0.125,
        "jena_0_inference": 0.2916666666666667,
        "zurich_1_inference": 0.2916666666666667,
        "cologne_2_inference": 0.2916666666666667
      },
      "520.4441289901733": {
        "cologne_2_train_2_8": 0,
        "zurich_1_train_3_8": 0,
        "jena_0_train_2_8": 0,
        "jena_0_inference": 0.33333333333333337,
        "zurich_1_inference": 0.33333333333333337,
        "cologne_2_inference": 0.33333333333333337
      }
    },
    "6": {
      "0": {
        "jena_0_train_0_8": 0.4166666666666667,
        "zurich_1_train_2_8": 0.0,
        "cologne_2_train_2_8": 0.0,
        "jena_0_inference": 0.16666666666666669,
        "zurich_1_inference": 0.25,
        "cologne_2_inference": 0.16666666666666666
      },
      "11.439054679870605": {
        "jena_0_train_0_8": 0,
        "zurich_1_train_2_8": 0.08333333333333334,
        "cologne_2_train_2_8": 0.08333333333333334,
        "jena_0_inference": 0.25,
        "zurich_1_inference": 0.33333333333333337,
        "cologne_2_inference": 0.25
      },
      "587.7744295120239": {
        "jena_0_train_0_8": 0,
        "zurich_1_train_2_8": 0,
        "cologne_2_train_2_8": 0.10416666666666669,
        "jena_0_inference": 0.2708333333333333,
        "zurich_1_inference": 0.3541666666666667,
        "cologne_2_inference": 0.2708333333333333
      },
      "627.6526948928833": {
        "jena_0_train_0_8": 0,
        "zurich_1_train_2_8": 0,
        "cologne_2_train_2_8": 0,
        "jena_0_inference": 0.3055555555555555,
        "zurich_1_inference": 0.3888888888888889,
        "cologne_2_inference": 0.3055555555555555
      }
    },
    "7": {
      "0": {
        "jena_0_train_0_8": 0.3333333333333333,
        "zurich_1_train_0_8": 0.16666666666666666,
        "cologne_2_train_5_8": 0.0,
        "jena_0_inference": 0.16666666666666666,
        "zurich_1_inference": 0.16666666666666666,
        "cologne_2_inference": 0.16666666666666666
      },
      "14.454249858856201": {
        "jena_0_train_0_8": 0,
        "zurich_1_train_0_8": 0.23333333333333334,
        "cologne_2_train_5_8": 0.06666666666666667,
        "jena_0_inference": 0.23333333333333334,
        "zurich_1_inference": 0.23333333333333334,
        "cologne_2_inference": 0.23333333333333334
      },
      "25.06058815547398": {
        "zurich_1_train_0_8": 0,
        "jena_0_train_0_8": 0,
        "cologne_2_train_5_8": 0.125,
        "jena_0_inference": 0.2916666666666667,
        "zurich_1_inference": 0.2916666666666667,
        "cologne_2_inference": 0.2916666666666667
      },
      "828.8837881088257": {
        "zurich_1_train_0_8": 0,