{
  "0": {
    "2": {
      "0": 0.6028368794326241,
      "1": 0.5709219858156028,
      "2": 0.6773049645390071
    },
    "5": {
      "0": 0.6028368794326241,
      "1": 0.5709219858156028,
      "2": 0.6773049645390071
    }
  },
  "1": {
    "2": {
      "0": 0.6028368794326241,
      "1": 0.648936170212766,
      "2": 0.6773049645390071
    },
    "5": {
      "0": 0.6205673758865248,
      "1": 0.648936170212766,
      "2": 0.6737588652482269
    }
  },
  "2": {
    "2": {
      "0": 0.6205673758865248,
      "1": 0.5815602836879432,
      "2": 0.6773049645390071
    },
    "5": {
      "0": 0.6205673758865248,
      "1": 0.6347517730496454,
      "2": 0.6843971631205673
    }
  }
}